Name,K1,L1,K2,L2,K3,L3
H-FK61,5.02504076E-01,1.32743798E-03,7.15240076E-01,1.08378966E-02,8.36628986E-01,1.55933755E+02
H-FK61B,7.14812161E-01,1.08370689E-02,5.02984998E-01,1.32155859E-03,8.36119846E-01,1.53360674E+02
H-FK71,2.22266610E-01,1.40651220E-02,8.80444178E-01,4.20457400E-03,7.97848915E-01,1.71029818E+02
H-FK95N,9.73027043E-01,4.91945800E-03,7.73632160E-02,1.82009400E-02,6.87944956E-01,1.59446090E+02
H-QK1,8.41944073E-01,9.32638704E+01,9.91785467E-01,1.03998728E-02,1.46213376E-01,-8.20300741E-03
H-QK3L,6.01737491E-01,1.25749740E-02,8.58737004E-01,9.23325663E+01,5.86761501E-01,2.68750900E-03
H-K1,8.41282669E-01,1.03641667E+02,1.01521166E+00,6.23224915E-03,2.04021337E-01,2.20570420E-02
H-K2,9.51357962E-01,1.12894891E-02,9.69614738E-01,9.91744348E+01,2.73207194E-01,-2.45665699E-03
H-K3,2.96004558E-01,1.85989847E-02,9.40420083E-01,5.13632873E-03,1.00566540E+00,9.75554310E+01
K4A,7.49532263E-01,1.48033503E-02,4.94866234E-01,-2.64092219E-04,9.60168660E-01,9.57190154E+01
H-K7,8.54802452E-01,1.03204260E+02,4.42226826E-01,1.79643059E-02,8.20484068E-01,4.33831623E-03
H-K8,8.90422310E-01,1.09831873E+02,2.20099174E-01,2.47288604E-02,1.04379220E+00,6.57041675E-03
H-K9L,6.14555251E-01,1.45987884E-02,6.56775017E-01,2.87769588E-03,1.02699346E+00,1.07653051E+02
H-K9LGT,6.14555251E-01,1.45987884E-02,6.56775017E-01,2.87769588E-03,1.02699346E+00,1.07653051E+02
H-K9L*,6.14555251E-01,1.45987884E-02,6.56775017E-01,2.87769588E-03,1.02699346E+00,1.07653051E+02
H-K9LA,6.84743072E-01,3.13539741E-03,5.86772376E-01,1.48101330E-02,1.14804248E+00,1.16583792E+02
H-K10,2.31760668E-01,2.37840711E-02,1.03993508E+00,6.15271269E-03,9.66966878E-01,1.17740117E+02
H-K11,7.95536936E-01,4.00873219E-03,5.00949252E-01,1.75436655E-02,9.05052235E-01,1.11287063E+02
H-K50,1.19524701E+00,7.64077104E-03,8.95076933E-02,3.18085706E-02,9.20217443E-01,1.09312054E+02
H-K51,9.60161808E-01,1.16242480E+02,1.18368963E+00,1.18029997E-02,1.02338243E-01,-1.89575777E-02
H-ZPK1A,9.44049498E-01,1.09035762E+02,1.05017122E+00,1.32903754E-02,5.27568709E-01,7.41462968E-04
H-ZPK3,8.14545367E-01,3.53645413E-03,1.10558900E+00,1.11251357E+02,6.90102416E-01,1.41865271E-02
H-ZPK5,2.59562934E-01,1.96231869E-02,1.24131969E+00,6.19669959E-03,7.87237390E-01,1.23753444E+02
H-ZPK7,7.25400532E-01,2.96983783E-03,7.03767661E-01,1.34342640E-02,7.72283140E-01,1.35211711E+02
H-BaK1,6.85984613E-01,1.54934494E-02,9.01677469E-01,1.06588731E+02,6.22429167E-01,2.22670016E-03
H-BaK2,6.18389223E-01,1.74653825E-03,7.18400306E-01,1.58112967E-02,1.07451466E+00,1.26584788E+02
H-BaK3,6.35128580E-01,2.55407022E-03,9.20839763E-01,9.29065095E+01,7.24654326E-01,1.43580146E-02
H-BaK4,5.59279457E-01,1.72756270E-03,9.85286498E-01,9.78673314E+01,8.18059461E-01,1.35929957E-02
H-BaK5,8.58085903E-01,1.01018871E+02,3.80070290E-01,2.03677495E-02,1.01787547E+00,5.64515890E-03
H-BaK6,8.13984879E-01,3.92398403E-03,5.95734077E-01,1.64900015E-02,1.00704301E+00,1.07665801E+02
H-BaK7,6.59469741E-01,7.66009635E-04,7.62196700E-01,1.77403402E-02,1.19935835E+00,1.29975103E+02
H-BaK7GT,6.59469741E-01,7.66009635E-04,7.62196700E-01,1.77403402E-02,1.19935835E+00,1.29975103E+02
H-BaK8,8.45101506E-01,1.00298196E+02,1.01452466E+00,5.55241848E-03,4.18518474E-01,2.02280796E-02
H-ZK1,1.06131555E+00,5.43666583E-03,3.65740168E-01,1.87659148E-02,1.03466756E+00,9.75169702E+01
H-ZK2,4.27442699E-01,1.91755139E-02,9.07023646E-01,9.46355569E+01,1.04012009E+00,5.52619449E-03
H-ZK3,8.55678320E-01,4.41734284E-03,8.97778708E-01,8.96045798E+01,6.31730586E-01,1.58041790E-02
H-ZK3A,9.64352845E-01,9.48895042E+01,7.74899660E-01,1.49854130E-02,7.12663198E-01,2.94423381E-03
H-ZK4,8.05862971E-01,3.65339732E-03,7.40367110E-01,1.62978769E-02,9.04054991E-01,9.59876087E+01
H-ZK5,9.20219055E-01,1.09361864E+02,5.31425413E-01,1.98985689E-02,1.01909144E+00,5.25819605E-03
H-ZK6,1.35139240E+00,7.35017182E-03,2.06957487E-01,2.54398321E-02,9.61153882E-01,9.95133128E+01
H-ZK7A,9.38065696E-01,4.38468072E-03,6.23491935E-01,1.69391481E-02,1.00587058E+00,9.32750706E+01
H-ZK8,6.00949826E-01,5.19864453E-11,9.58288632E-01,1.67563008E-02,1.14059780E+00,1.33109431E+02
H-ZK9B,8.74918734E-01,3.73965378E-03,7.09627300E-01,1.63972089E-02,1.09453882E+00,1.00204324E+02
H-ZK10,1.48007727E+00,8.52142302E-03,8.74190019E-01,9.31901383E+01,1.05839500E-01,3.27272904E-02
H-ZK10L,9.57266324E-01,1.00408853E+02,1.44528215E+00,8.04380200E-03,1.43179062E-01,3.04353080E-02
H-ZK11,5.34615460E-02,4.56429986E-02,1.58378230E+00,9.12260162E-03,9.18196297E-01,8.93234474E+01
H-ZK14,8.21911395E-01,3.69659724E-03,9.95367381E-01,9.79765358E+01,7.08381156E-01,1.59409871E-02
H-ZK20,8.12249368E-01,1.81753969E-02,7.55251214E-01,2.47827771E-03,1.15073913E+00,1.44030731E+02
H-ZK21,8.94248925E-01,3.84521718E-03,6.96413489E-01,1.74130132E-02,1.07122355E+00,1.02205952E+02
H-ZK50,4.34311306E-01,-1.92252587E-03,1.10560033E+00,1.47271072E-02,9.88776159E-01,1.10411650E+02
H-ZK50GT,4.34311306E-01,-1.92252587E-03,1.10560033E+00,1.47271072E-02,9.88776159E-01,1.10411650E+02
H-LaK1,9.64886701E-01,9.11939330E+01,4.68480585E-01,2.05810529E-02,1.23722796E+00,6.08509423E-03
H-LaK2A,9.14808038E-01,8.23260698E+01,1.00522491E+00,4.50504400E-03,8.03415958E-01,1.83713420E-02
H-LaK3,1.27801447E+00,9.06830082E+01,1.19473815E+00,1.81704833E-02,7.93028102E-01,1.08737276E-03
H-LaK4L,4.02312889E-01,-2.67679247E-03,1.24575177E+00,1.31716110E-02,1.28904431E+00,9.33654804E+01
H-LaK5A,1.54437415E+00,8.15901025E-03,1.00066972E+00,8.89110754E+01,2.19123775E-01,2.67011064E-02
H-LaK6A,1.13018444E+00,8.14541493E+01,1.60589000E+00,8.17222723E-03,2.07868982E-01,3.03803140E-02
H-LaK7A,1.20674811E+00,8.43499012E+01,1.06717731E+00,4.38189500E-03,8.11229515E-01,1.89828890E-02
H-LaK8B,1.55351121E+00,7.93041249E-03,3.42243754E-01,2.80174591E-02,1.07011974E+00,9.02590858E+01
H-LaK8A,1.13861881E+00,8.00744660E+01,1.58050538E-01,3.68197669E-02,1.73934635E+00,9.09531981E-03
H-LaK10,7.83174579E-01,2.73169490E-03,8.94315049E-01,1.69034325E-02,1.13896900E+00,1.11158589E+02
H-LaK11,1.09089534E+00,4.92618902E-03,6.28435989E-01,2.03181412E-02,1.01438282E+00,1.00530943E+02
H-LaK12,7.86703112E-01,2.02073208E-03,1.21770392E+00,8.67034790E+01,1.04086924E+00,1.63643393E-02
H-LaK50A,7.59437631E-01,2.23196710E-03,1.16056755E+00,9.10466256E+01,9.23360830E-01,1.58590987E-02
H-LaK51A,6.39398694E-01,5.67124825E-05,1.18748481E+00,1.58001968E-02,1.26545352E+00,9.10970530E+01
H-LaK52,6.48528792E-01,1.65816179E-04,1.28450424E+00,1.58113883E-02,1.23774593E+00,8.57406109E+01
H-LaK53B,1.03141220E+00,3.95421648E-03,9.85282193E-01,1.86863118E-02,1.17066017E+00,8.11326753E+01
H-LaK53A,1.21007394E+00,5.21679919E-03,1.19495815E+00,8.35557501E+01,8.06533246E-01,2.00803500E-02
H-LaK54,1.20772937E+00,1.76389155E-02,7.37418371E-01,6.66515982E-04,1.35749026E+00,9.69938806E+01
H-LaK59A,1.63613242E+00,8.69769737E-03,1.69161636E-01,2.95057126E-02,9.29984618E-01,8.24994109E+01
H-KF6,7.36995941E-02,4.78548878E-02,1.19277164E+00,7.81132706E-03,1.01749455E+00,1.04241959E+02
H-QF1,1.24414177E+00,8.67592204E-03,1.08792977E+00,1.24770880E+02,1.06583226E-01,4.73895753E-02
H-QF3,1.31974395E+00,9.62233830E-03,1.06724103E-01,5.34250071E-02,1.12240441E+00,1.21814727E+02
H-QF6A,8.30014908E-02,4.93974056E-02,1.22223237E+00,8.30688707E-03,1.01475439E+00,1.14773547E+02
H-QF8,1.27874264E-01,4.24546034E-02,1.20201357E+00,8.11385854E-03,9.29469360E-01,1.09832978E+02
H-QF14,1.17413204E+00,1.19558629E+02,1.36038248E+00,9.92935549E-03,1.25239591E-01,5.38484281E-02
H-QF50,1.29450546E+00,8.94503808E-03,1.50752291E-01,4.83713581E-02,1.08698065E+00,1.13959763E+02
H-QF50A,1.13568363E-01,5.29496322E-02,1.07619407E+00,1.14277366E+02,1.33131033E+00,9.76687365E-03
QF50,1.31145759E+00,9.88576985E-03,8.40047425E-01,1.02880258E+02,1.32407269E-01,4.77527930E-02
H-QF56,1.01193506E+00,1.16639064E+02,1.10711906E-01,5.11036720E-02,1.29397308E+00,9.23739628E-03
H-F1,1.32375817E-01,5.45903225E-02,1.15564934E+00,1.16785740E+02,1.37547893E+00,1.01495335E-02
H-F2,1.40477521E+00,1.04153446E-02,1.17495845E+00,1.13688956E+02,1.30830575E-01,5.68962426E-02
H-F3,1.40512926E+00,1.03407899E-02,1.40987722E-01,5.61355281E-02,1.52292764E+00,1.49776911E+02
H-F4,1.31898794E-01,5.79319500E-02,1.42441827E+00,1.06270032E-02,1.21746316E+00,1.17376535E+02
H-F5,1.43541709E+00,1.08394789E-02,1.33104631E-01,5.81528460E-02,1.22151860E+00,1.20768299E+02
H-F13,1.41150321E-01,5.76025273E-02,1.23908619E+00,1.17259382E+02,1.43200332E+00,1.06818976E-02
H-F51,1.19880199E+00,1.18703083E+02,1.46782039E-01,5.86919967E-02,1.46655148E+00,1.11709187E-02
H-BaF2,1.31856447E-01,4.04229746E-02,1.28686729E+00,8.07407390E-03,1.00682520E+00,1.13574742E+02
H-BaF3,1.16102167E+00,6.37008736E-03,9.26012255E-01,1.07341889E+02,2.90935978E-01,2.65573391E-02
H-BaF4,1.32811418E+00,8.68510750E-03,1.26865199E-01,4.40786174E-02,1.04004826E+00,1.20899619E+02
H-BaF5,1.06904566E+00,1.12003965E+02,1.04157510E-01,5.16103587E-02,1.41843612E+00,9.56493179E-03
H-BaF6,1.06475107E+00,1.15353950E+02,1.38638809E+00,8.53300947E-03,1.46161462E-01,4.37434703E-02
H-BaF7,1.08754258E+00,1.17535981E+02,1.41618001E+00,1.00875311E-02,1.26987130E-01,5.26006682E-02
H-BaF8,1.18828507E+00,1.28446962E+02,1.43848614E+00,1.01637552E-02,1.40002385E-01,5.24582573E-02
H-ZBaF1,1.05607188E+00,1.14460233E+02,1.45456542E+00,8.40268049E-03,1.29035718E-01,3.63054290E-02
H-ZBaF3,1.75551746E-01,3.60804664E-02,1.51566987E+00,8.23043679E-03,1.11140587E+00,1.13991537E+02
H-ZBaF4,1.51466661E-01,5.71831045E-02,1.54020133E+00,1.11587138E-02,1.18737385E+00,1.20128948E+02
H-ZBaF5,2.65135611E-01,3.42928637E-02,1.46645391E+00,7.99326644E-03,1.68212208E+00,1.79124162E+02
H-ZBaF16,1.82247640E-01,3.68484589E-02,1.53664805E+00,8.85647420E-03,1.23072170E+00,1.34124694E+02
H-ZBaF20,1.55463018E-01,5.00496620E-02,1.22204789E+00,1.19801735E+02,1.66611640E+00,1.02206327E-02
H-ZBaF21,1.71447483E+00,1.06695401E-02,1.72919641E-01,5.36257488E-02,1.37586664E+00,1.27687623E+02
H-ZBaF50,1.63431974E+00,9.83161322E-03,9.88379475E-01,1.02398826E+02,6.11984018E-02,4.99038842E-02
H-ZBaF52,1.51688354E+00,8.57006565E-03,2.11371553E-01,3.70160061E-02,1.35763017E+00,1.44349229E+02
H-ZF1,1.06294164E+00,1.08400406E+02,1.46910876E-01,5.91797128E-02,1.48922543E+00,1.15933111E-02
H-ZF1A,1.57527094E-01,5.85466694E-02,1.47922850E+00,1.11805229E-02,1.18166385E+00,1.15153843E+02
H-ZF2,1.67643380E-01,6.05177711E-02,1.54335076E+00,1.18524273E-02,1.17313123E+00,1.13671100E+02
H-ZF3,2.03624748E-01,6.20712732E-02,1.64202576E+00,1.27139992E-02,1.38768085E+00,1.28254467E+02
H-ZF4A,1.67238093E+00,1.33653851E-02,1.34134437E+00,1.22464022E+02,2.04305471E-01,6.41192325E-02
H-ZF4AGT,1.67238093E+00,1.33653851E-02,1.34134437E+00,1.22464022E+02,2.04305471E-01,6.41192325E-02
H-ZF5,1.70024855E+00,1.33277515E-02,1.36322884E+00,1.22333810E+02,2.14513422E-01,6.35762871E-02
H-ZF6,1.64768548E+00,1.18179362E-02,3.14478021E-01,5.85408205E-02,2.03864924E+00,1.73964477E+02
H-ZF7LA,1.65846092E+00,1.44874699E+02,2.98796445E-01,6.35424599E-02,1.81848340E+00,1.41908346E-02
H-ZF7LAGT,1.65846092E+00,1.44874699E+02,2.98796445E-01,6.35424599E-02,1.81848340E+00,1.41908346E-02
H-ZF10,1.50060292E+00,1.45496272E+02,1.57641199E+00,1.21805144E-02,1.83076270E-01,6.05139545E-02
H-ZF11,1.59868051E+00,1.26057844E-02,1.89448887E-01,6.17894718E-02,1.26870155E+00,1.21376823E+02
H-ZF12,3.23730379E-01,5.98308169E-02,1.65668629E+00,1.20542686E-02,2.12141520E+00,1.74187920E+02
H-ZF13,1.73521591E+00,1.31087904E-02,3.16277446E-01,6.21421663E-02,2.16384634E+00,1.78845558E+02
H-ZF13GT,1.73521591E+00,1.31087904E-02,3.16277446E-01,6.21421663E-02,2.16384634E+00,1.78845558E+02
H-ZF39,1.53633529E-01,6.03806210E-02,1.54070508E+00,1.18591415E-02,1.20956745E+00,1.19979606E+02
H-ZF50,1.38419227E+00,1.21210226E+02,2.16862697E-01,6.42534343E-02,1.69855074E+00,1.35195855E-02
H-ZF52,4.09982615E-01,6.21421199E-02,2.37517176E+00,1.85055134E+02,1.83913582E+00,1.36093459E-02
H-ZF52GT,4.09982615E-01,6.21421199E-02,2.37517176E+00,1.85055134E+02,1.83913582E+00,1.36093459E-02
H-ZF52TT,4.09982615E-01,6.21421199E-02,2.37517176E+00,1.85055134E+02,1.83913582E+00,1.36093459E-02
H-ZF62,2.55246796E+00,1.62450683E+02,4.65681607E-01,6.95600810E-02,2.02894680E+00,1.47711380E-02
H-ZF62GT,2.55246796E+00,1.62450683E+02,4.65681607E-01,6.95600810E-02,2.02894680E+00,1.47711380E-02
H-ZF71,4.06804868E-01,6.45152130E-02,1.70831097E+00,1.27703237E-02,2.36137303E+00,1.63275585E+02
H-ZF71GT,4.06804868E-01,6.45152130E-02,1.70831097E+00,1.27703237E-02,2.36137303E+00,1.63275585E+02
H-ZF72A,4.70478653E-01,7.36024509E-02,2.55040233E+00,1.49306621E+02,2.00593441E+00,1.62999226E-02
H-ZF72AGT,4.70478653E-01,7.36024509E-02,2.55040233E+00,1.49306621E+02,2.00593441E+00,1.62999226E-02
H-ZF73,5.28336971E-01,7.59305743E-02,2.05959954E+00,1.71346469E-02,3.58638080E+00,1.89364809E+02
H-ZF73GT,5.28336971E-01,7.59305743E-02,2.05959954E+00,1.71346469E-02,3.58638080E+00,1.89364809E+02
H-ZF88,2.04275349E+00,1.69742976E-02,1.98276153E+00,1.09068151E+02,5.04267829E-01,7.51710710E-02
H-ZF88GT,2.04275349E+00,1.69742976E-02,1.98276153E+00,1.09068151E+02,5.04267829E-01,7.51710710E-02
H-LaF1,1.16155250E+00,1.06692961E+02,1.49000619E+00,7.36542430E-03,3.17836401E-01,3.13945298E-02
H-LaF2,1.62865121E+00,8.64219294E-03,1.11837078E+00,1.09900598E+02,2.53252293E-01,3.42503107E-02
H-LaF3B,1.66486969E+00,8.95646712E-03,3.01622480E-01,3.50299695E-02,1.19738880E+00,1.23334438E+02
H-LaF4,2.10645313E-01,5.42759294E-02,1.75547352E+00,1.12370777E-02,1.28979005E+00,1.19852069E+02
H-LaF4GT,2.10645313E-01,5.42759294E-02,1.75547352E+00,1.12370777E-02,1.28979005E+00,1.19852069E+02
H-LaFL5,1.26562517E+00,1.02654797E+02,1.81324770E+00,1.11614870E-02,1.73525791E-01,5.41388764E-02
H-LaF6LA,1.12023521E+00,3.35766705E-03,8.97573526E-01,2.27710735E-02,1.36654860E+00,9.20376324E+01
H-LaF7,1.85620526E+00,1.09606128E-02,1.38494652E+00,1.14477380E+02,2.23526441E-01,5.05771615E-02
H-LaF10LA,1.93178403E+00,9.97340769E-03,1.89897276E-01,3.68891042E-02,1.09736515E+00,7.72777489E+01
H-LaF50B,1.17461263E+00,8.26267633E+01,1.65889744E+00,8.05128060E-03,4.13174064E-01,2.69612640E-02
H-LaF51,1.16091555E+00,1.02913644E+02,1.53441573E+00,7.59735684E-03,2.93141701E-01,3.38071716E-02
H-LaF52,2.25893751E-01,3.91551736E-02,1.88248028E+00,1.00951886E-02,1.11307009E+00,8.50042906E+01
H-LaF53,1.52005515E+00,7.46606502E-03,1.09140777E+00,8.19422153E+01,4.52588708E-01,2.63954349E-02
H-LaF55,1.73920103E+00,9.74400845E-03,1.16162575E+00,1.11118099E+02,2.79488106E-01,4.23325277E-02
H-LaF62,1.68895143E+00,9.69035554E-03,1.96642406E-01,4.23750782E-02,1.18909464E+00,1.18147033E+02
H-ZLaF1,5.13637795E-01,3.13064446E-02,1.65030785E+00,7.35388780E-03,1.47644096E+00,1.00105262E+02
H-ZLaF2A,1.76389273E+00,8.42148915E-03,4.07585264E-01,3.04194282E-02,1.27020239E+00,8.95802552E+01
H-ZLaF4LA,2.21255100E+00,1.18172540E-02,3.12542616E-01,4.95862580E-02,1.56862457E+00,1.15526490E+02
H-ZLaF4LB,3.03787540E-01,5.00877320E-02,2.22145931E+00,1.18758260E-02,1.54968685E+00,1.13957667E+02
H-ZLaF50E,1.22239213E+00,4.45444481E-03,9.52859931E-01,2.29973985E-02,1.37994067E+00,9.91991267E+01
H-ZLaF50D,4.97440659E-01,2.85446966E-02,1.67780264E+00,7.88379288E-03,1.32327423E+00,9.40514342E+01
H-ZLaF51,1.22431136E+00,9.12451830E+01,3.02590305E-01,4.26067628E-02,1.86090715E+00,9.87031560E-03
H-ZLaF52A,1.85313688E+00,9.85534639E-03,3.17938591E-01,3.92611678E-02,1.16396318E+00,9.31032763E+01
H-ZLaF53B,3.02813825E-01,4.55920200E-02,1.25522353E+00,9.99412194E+01,1.95575794E+00,1.08167110E-02
H-ZLaF53BGT,3.02813825E-01,4.55920200E-02,1.25522353E+00,9.99412194E+01,1.95575794E+00,1.08167110E-02
H-ZLaF55D,2.27765275E-01,4.12221798E-02,2.04686906E+00,1.07489490E-02,1.20888928E+00,8.78518998E+01
H-ZLaF55C,1.89206469E+00,9.27969961E-03,3.83013491E-01,3.56259460E-02,1.32100138E+00,9.36667669E+01
H-ZLaF66,2.33018785E-01,5.37435377E-02,1.90660392E+00,1.14336559E-02,1.37147086E+00,1.10630887E+02
H-ZLaF66GT,2.33018785E-01,5.37435377E-02,1.90660392E+00,1.14336559E-02,1.37147086E+00,1.10630887E+02
H-ZLaF68C,1.58833884E+00,6.89365045E-03,8.51761035E-01,2.88290435E-02,1.58277416E+00,1.25035659E+02
H-ZLaF68N,1.49455025E+00,1.09762523E+02,2.07574257E+00,1.04040770E-02,3.61138143E-01,4.12621420E-02
H-ZLaF69,6.59414732E-01,2.56059960E-02,1.55675638E+00,7.27769577E-03,1.25417967E+00,9.31176682E+01
H-ZLaF69A,1.39269903E+00,5.93335223E-03,8.23697428E-01,2.40980834E-02,1.29547295E+00,9.53762858E+01
H-ZLaF71,2.76154598E-01,5.57996382E-02,2.02569085E+00,1.20700588E-02,1.44513509E+00,9.98778223E+01
H-ZLaF71AGT,1.54172779E+00,1.31963779E+02,2.03469901E+00,1.25481283E-02,2.64811834E-01,5.59794710E-02
H-ZLaF73,5.07090015E-01,3.49987602E-02,1.92430260E+00,9.42878144E-03,1.49886410E+00,1.16086666E+02
H-ZLaF75A,1.50615126E+00,1.02994725E+02,2.18809221E+00,1.27716105E-02,2.97955776E-01,5.69661668E-02
H-ZLaF75B,3.22804345E-01,5.52627060E-02,2.16371144E+00,1.24574436E-02,1.59867722E+00,1.08245897E+02
H-ZLaF76,2.79518569E-01,5.93856526E-02,2.01429741E+00,1.26257440E-02,1.55073360E+00,1.00032291E+02
H-ZLaF76A,2.00079286E+00,1.29599870E-02,1.53020671E+00,1.31107483E+02,2.89955307E-01,5.77379770E-02
H-ZLaF78B,2.99636528E-01,4.70546260E-02,2.19452718E+00,1.15403970E-02,1.53572385E+00,1.12608928E+02
H-ZLaF89L,2.33250033E+00,1.27519393E-02,3.38027439E-01,5.35631807E-02,1.63568735E+00,1.14949418E+02
H-ZLaF90,4.94167183E-01,6.02358038E-02,2.31375143E+00,1.37149187E-02,2.27929870E+00,1.48088436E+02
H-ZLaF92,1.86762237E+00,1.23078620E+02,3.75569196E-01,5.96643730E-02,2.45933103E+00,1.41481580E-02
H-TF3L,1.35609817E+00,8.23370212E-03,1.92047799E-01,4.10079104E-02,1.32583600E+00,1.11798686E+02
H-TF5,1.55856807E+00,1.10562787E-02,1.09731968E-01,5.44047450E-02,1.10774896E+00,8.83222356E+01
D-FK61,8.72991432E-01,4.22111331E-03,7.56437828E-01,1.51201184E+02,3.44497102E-01,1.38938225E-02
D-FK61-25,8.94432499E-01,4.36678978E-03,3.21652123E-01,1.41909741E-02,7.48704285E-01,1.49771388E+02
D-FK61A,7.14812161E-01,1.08370689E-02,5.02984998E-01,1.32155859E-03,8.36119846E-01,1.53360674E+02
D-FK61A-25,7.14581002E-01,1.08378966E-02,5.02174967E-01,1.32310137E-03,8.38296164E-01,1.53775939E+02
D-FK95,9.73027043E-01,4.91945800E-03,7.73632160E-02,1.82009400E-02,6.87944956E-01,1.59446090E+02
D-FK95-25,9.89211963E-01,5.06590700E-03,6.01412620E-02,1.97053860E-02,6.85377886E-01,1.58935083E+02
D-QK3L,6.01737491E-01,1.25749740E-02,8.58737004E-01,9.23325663E+01,5.86761501E-01,2.68750900E-03
D-QK3L-25,8.34888200E-01,9.01036067E+01,1.40256117E-01,1.99283160E-02,1.04638050E+00,6.08195700E-03
D-K9,5.67853792E-01,2.38581579E-03,7.02269689E-01,1.35348332E-02,1.08102455E+00,1.07748228E+02
D-K9-25,1.08234297E+00,1.07907645E+02,5.48438846E-01,2.19092900E-03,7.19999855E-01,1.34070020E-02
D-K9GT,5.67853792E-01,2.38581579E-03,7.02269689E-01,1.35348332E-02,1.08102455E+00,1.07748228E+02
D-K9GT-25,1.08234297E+00,1.07907645E+02,5.48438846E-01,2.19092900E-03,7.19999855E-01,1.34070020E-02
D-K59,1.12095380E+00,6.57908073E-03,1.52690608E-01,2.35724778E-02,1.07502924E+00,1.06309977E+02
D-K59-25,1.16665743E+00,7.07953299E-03,1.05028598E-01,2.61090052E-02,9.90269002E-01,9.86724455E+01
D-PK3,6.31688714E-01,1.27792227E-02,6.66896432E-01,3.13927857E-03,8.74644819E-01,9.01740670E+01
D-PK3-25,5.13407653E-01,1.73535467E-03,9.23806373E-01,9.53262202E+01,7.81224837E-01,1.18350221E-02
D-ZPK1A,7.23324526E-01,2.88945758E-03,8.63552452E-01,1.42439384E-02,9.85077169E-01,1.16596916E+02
D-ZPK1A-25,8.60621496E-01,1.42471941E-02,7.23408663E-01,2.93226364E-03,9.15278780E-01,1.09074599E+02
D-ZPK3,9.22289896E-01,1.26503387E-02,5.84492874E-01,1.76614589E-03,1.04970792E+00,1.06089243E+02
D-ZPK3-25,5.80374258E-01,1.72131188E-03,9.23503788E-01,1.26541722E-02,1.03923776E+00,1.05366349E+02
D-ZPK5,2.59562934E-01,1.96231869E-02,1.24131969E+00,6.19669959E-03,7.87237390E-01,1.23753444E+02
D-ZPK5-25,3.53073711E-01,1.78712877E-02,1.14580426E+00,5.63723799E-03,7.95754681E-01,1.25202885E+02
D-ZPK7,7.25400532E-01,2.96983783E-03,7.03767661E-01,1.34342640E-02,7.72283140E-01,1.35211711E+02
D-ZPK7-25,7.14112710E-01,1.33604289E-02,7.13400795E-01,2.89391230E-03,7.65480668E-01,1.34125223E+02
D-ZK2,4.02765796E-01,1.90634710E-02,1.01706887E+00,1.01270923E+02,1.06495499E+00,5.90052089E-03
D-ZK2-25,1.10449460E+00,6.20948070E-03,3.60941240E-01,1.96844329E-02,1.01208343E+00,1.01038646E+02
D-ZK2L,5.12521894E-01,1.76943616E-02,9.67402158E-01,5.10795325E-03,1.12488967E+00,1.09103770E+02
D-ZK2L-25,5.30248488E-01,1.75027403E-02,1.12537335E+00,1.09192004E+02,9.47317341E-01,4.98306497E-03
D-ZK3,1.33936811E+00,7.60612309E-03,1.48690268E-01,2.38444644E-02,1.00954033E+00,8.90419787E+01
D-ZK3-25,1.24347604E+00,1.08031442E+02,9.18798491E-01,1.39520404E-02,5.67180042E-01,1.27620015E-03
D-ZK3L,6.38506128E-01,2.16674072E-03,8.57387558E-01,1.44860621E-02,1.23664057E+00,1.07881152E+02
D-ZK3L-25,6.36443631E-01,2.17371740E-03,8.56921557E-01,1.44861653E-02,1.23247717E+00,1.07585666E+02
D-ZK21,1.31514915E+00,1.03989436E+02,1.08358135E+00,1.43813024E-02,5.13108754E-01,-3.63923910E-04
D-ZK21-25,1.08777542E+00,1.43531981E-02,5.05694645E-01,-4.48862561E-04,1.31533152E+00,1.04063333E+02
D-ZK79,7.56950911E-01,3.14478995E-03,7.88924494E-01,1.62552471E-02,1.10449853E+00,1.12960367E+02
D-ZK79-25,7.54687333E-01,3.15353195E-03,7.88729239E-01,1.62517857E-02,1.10213843E+00,1.12786360E+02
D-LaK5,6.05031570E-01,2.87640355E-08,1.15901922E+00,1.58370520E-02,1.30308775E+00,1.01946508E+02
D-LaK5-25,6.02363510E-01,3.07499779E-08,1.15823046E+00,1.58379352E-02,1.30267215E+00,1.01976296E+02
D-LaK6,4.77723115E-01,2.26962287E-02,1.33623366E+00,6.59605302E-03,1.22543438E+00,9.42027569E+01
D-LaK6-25,1.22299893E+00,9.40859262E+01,4.71209941E-01,2.27830104E-02,1.33928922E+00,6.65285316E-03
D-LaK52,1.04647517E+00,1.73536556E-02,8.89910862E-01,2.98398431E-03,1.23173612E+00,8.71100488E+01
D-LaK52-25,1.04345567E+00,1.73669450E-02,8.88612736E-01,3.01494124E-03,1.23102650E+00,8.71255673E+01
D-LaK70,6.16886534E-01,2.49888602E-04,1.11924765E+00,1.58113883E-02,1.29814839E+00,1.02017679E+02
D-LaK70-25,6.15746796E-01,3.10601738E-04,1.11671184E+00,1.58114210E-02,1.29436779E+00,1.02149797E+02
D-ZF10,1.81090971E-01,6.06385885E-02,1.38321826E+00,1.32946691E+02,1.57814468E+00,1.22919204E-02
D-ZF10-25,1.39531577E+00,1.34661574E+02,1.80389834E-01,6.04305431E-02,1.57395389E+00,1.22657049E-02
D-ZF93,1.51323628E+00,1.06262695E+02,2.16740096E+00,1.42318570E-02,6.06108042E-01,6.66586743E-02
D-ZF93-25,1.43302280E+00,1.01185435E+02,2.13630545E+00,1.38161232E-02,6.30184037E-01,6.58578450E-02
D-LaF50,1.34473873E+00,6.03619400E-03,1.13288204E+00,9.55213185E+01,7.31048914E-01,2.27061980E-02
D-LaF50-25,7.34700246E-01,2.26667460E-02,1.33716574E+00,6.01676900E-03,1.13513348E+00,9.57512696E+01
D-LaF050,6.53249512E-01,2.36442880E-02,1.20557745E+00,8.55377962E+01,1.40453781E+00,6.36401500E-03
D-LaF050-25,1.22950343E+00,8.73071190E+01,6.41767823E-01,2.37652160E-02,1.41136391E+00,6.45932700E-03
D-LaF53,6.45397592E-01,2.34993570E-02,1.17528667E+00,8.77755219E+01,1.32747885E+00,6.06015970E-03
D-LaF53-25,1.32239317E+00,6.06224219E-03,6.46347208E-01,2.34824415E-02,1.17507569E+00,8.78164211E+01
D-LaF79,2.65304560E-01,4.20844203E-02,1.45255299E+00,1.17349274E+02,1.65170478E+00,9.35611552E-03
D-LaF79-25,2.44124156E-01,4.30784572E-02,1.39592511E+00,1.13324709E+02,1.66977539E+00,9.64211165E-03
D-ZLaF50,1.13754975E+00,8.76010757E+01,2.73775570E-01,3.48809856E-02,1.89653755E+00,9.82589937E-03
D-ZLaF50-25,2.81077854E-01,3.46761107E-02,1.19505397E+00,9.18385642E+01,1.88534009E+00,9.75311743E-03
D-ZLaF52LA,1.88205933E+00,9.84915169E-03,3.02908859E-01,4.06191391E-02,1.25387380E+00,9.58936040E+01
D-ZLaF52LA-25,1.85743559E+00,9.62363637E-03,3.23469816E-01,3.98398385E-02,1.28949460E+00,9.84654718E+01
D-ZLaF61,4.27425860E-01,3.44432015E-02,1.80371405E+00,8.78105468E-03,1.26949160E+00,9.97953670E+01
D-ZLaF61-25,3.84732155E-01,3.55326885E-02,1.84240920E+00,9.16902591E-03,1.21280764E+00,9.59091697E+01
D-ZLaF67,2.10977576E+00,1.11387884E-02,3.24313076E-01,4.53343979E-02,1.37618163E+00,1.04419881E+02
D-ZLaF67-25,1.36012388E+00,1.03579888E+02,2.09601012E+00,1.10379620E-02,3.33537105E-01,4.49413554E-02
D-ZLaF81,1.88618750E+00,9.91169457E-03,2.94671919E-01,4.09687583E-02,1.27989084E+00,9.77975230E+01
D-ZLaF81-25,1.90958888E+00,1.02182926E-02,2.66893034E-01,4.21328894E-02,1.26585975E+00,9.70733228E+01
D-ZLaF85A,1.95969458E+00,1.01035507E-02,3.69797190E-01,3.86876073E-02,1.41004927E+00,1.07905684E+02
D-ZLaF85A-25,1.37428361E+00,1.05610997E+02,4.12199165E-01,3.73787374E-02,1.91320505E+00,9.75370563E-03
D-ZLaF85LN,1.92017081E+00,9.61912018E-03,3.86379034E-01,3.89567822E-02,1.29116600E+00,9.79773368E+01
D-ZLaF85LN-25,1.22657126E+00,9.36444885E+01,3.67411998E-01,3.94561346E-02,1.93493865E+00,9.82834912E-03
D-ZLaF85L,5.16695305E-01,3.40497474E-02,1.81900011E+00,8.95670808E-03,1.42320717E+00,1.10045928E+02
D-ZLaF85L-25,1.71754157E+00,8.12526680E-03,6.14249641E-01,3.23072933E-02,1.49329677E+00,1.15416839E+02
D-ZLaF85LS,6.38690484E-01,3.19257637E-02,1.69998504E+00,7.91790668E-03,1.45547394E+00,1.12179157E+02
D-ZLaF85LS-25,1.70152719E+00,7.96295658E-03,6.33298236E-01,3.20099725E-02,1.43191921E+00,1.10679270E+02
,,,,,,
